{
  "LOOK_BACK": 30,
  "n_features": 4,
  "train_mae": 0.02457398794328473,
  "train_rmse": 0.031533109872891624,
  "train_r2": 0.8897432063810609,
  "val_mae": 0.020289340694828368,
  "val_rmse": 0.025390318480066124,
  "val_r2": 0.7601694638065581,
  "test_mae": 0.029115805829265408,
  "test_rmse": 0.03726468603366108,
  "test_r2": 0.7063624925846117,
  "overfitting_gap": 0.18338071379644916,
  "global_mean": 0.07548278178715669,
  "global_std": 0.11235884765246168
}